"Time","Vhcl.YawAcc"
"C1","C1"
"s","rad/s^2"
0.041,5.609056331e-009
0.051,7.488264231e-009
0.061,2.820786049e-009
0.071,-1.184063736e-009
0.081,-3.30437544e-009
0.091,-7.75407627e-010
0.101,2.178416558e-009
0.111,-5.690921512e-008
0.121,-4.656195074e-007
0.131,-2.575825135e-007
0.141,-1.267790253e-006
0.151,-3.156340426e-006
0.161,-8.0785303e-006
0.171,-2.343637971e-005
0.181,-8.780010103e-005
0.191,-0.0001027715771
0.201,-0.0006454108516
0.211,0.0002535482345
0.221,-0.0002547933545
0.231,-0.0002031614131
0.241,-0.0002074415097
0.251,-2.919809958e-005
0.261,0.0008152623777
0.271,0.0004996787175
0.281,-0.0003042768512
0.291,-3.6791811e-005
0.301,-6.077709622e-005
0.311,-1.348355363e-005
0.321,4.295482995e-006
0.331,-6.352191122e-006
0.341,-1.535166848e-005
0.351,-1.025436268e-005
0.361,-1.208827689e-005
0.371,7.002464827e-006
0.381,1.663281364e-005
0.391,2.44907078e-005
0.401,4.352879114e-005
0.411,6.354261859e-005
0.421,8.252845873e-005
0.431,0.0001152922705
0.441,0.0001546807616
0.451,0.0001892919536
0.461,0.000236139007
0.471,0.0002832096361
0.481,0.0003366326855
0.491,0.000395805575
0.501,0.0004615853541
0.511,0.0005376182962
0.521,0.0006207476836
0.531,0.0007144163828
0.541,0.000822144968
0.551,0.0009457586566
0.561,0.001084221643
0.571,0.001242078608
0.581,0.001419416745
0.591,0.001616812777
0.601,0.001840890967
0.611,0.002086119261
0.621,0.002351752017
0.631,0.002645696979
0.641,0.002972648479
0.651,0.003332036082
0.661,0.003723777365
0.671,0.004150150344
0.681,0.004613972735
0.691,0.005117454566
0.701,0.005662404932
0.711,0.006250737701
0.721,0.006884596776
0.731,0.007571532857
0.741,0.008312630467
0.751,0.009091935121
0.761,0.009920615703
0.771,0.01081048511
0.781,0.01152727287
0.791,0.01542628743
0.801,0.0177223552
0.811,0.01863206178
0.821,0.0198654402
0.831,0.02160064317
0.841,0.02340474725
0.851,0.02513251267
0.861,0.02698114887
0.871,0.02883735113
0.881,0.03071625344
0.891,0.03270937875
0.901,0.03481673822
0.911,0.03699921072
0.921,0.03924865648
0.931,0.04157632589
0.941,0.04391499981
0.951,0.04628996179
0.961,0.04881539568
0.971,0.05146470293
0.981,0.05418426171
0.991,0.05710760131
1.001,0.06202475354
1.011,0.113328211
1.021,0.1140549555
1.031,0.1151212081
1.041,0.1490961313
1.051,0.1226614416
1.061,0.163991347
1.071,0.1556220055
1.081,0.1160489544
1.091,0.2306730747
1.101,0.1003795788
1.111,0.1562610567
1.121,0.2131652087
1.131,0.1084721163
1.141,0.2372648865
1.151,0.1761895865
1.161,0.1411958337
1.171,0.2440118641
1.181,0.1226389259
1.191,0.1928899586
1.201,0.2245229036
1.211,0.127785638
1.221,0.2482519597
1.231,0.1877474338
1.241,0.1584004313
1.251,0.2582578659
1.261,0.1534447968
1.271,0.2007049322
1.281,0.2442530841
1.291,0.1488308012
1.301,0.2328668237
1.311,0.2183818668
1.321,0.1692557037
1.331,0.2358437777
1.341,0.2060007155
1.351,0.1958187371
1.361,0.2320543528
1.371,0.2104073465
1.381,0.2122284919
1.391,0.2297040969
1.401,0.2173282504
1.411,0.2216806114
1.421,0.2302793115
1.431,0.2244487405
1.441,0.2291232795
1.451,0.2331646532
1.461,0.2304432839
1.471,0.2341133356
1.481,0.2367452085
1.491,0.2360650897
1.501,0.2389869392
1.511,0.2409722358
1.521,0.241264388
1.531,0.2435910106
1.541,0.2450534701
1.551,0.2446357757
1.561,0.2462640852
1.571,0.2477081716
1.581,0.2478324175
1.591,0.2502572536
1.601,0.253688544
1.611,0.2664390802
1.621,0.2849927247
1.631,0.2714762986
1.641,0.2851754427
1.651,0.3075887561
1.661,0.252840519
1.671,0.3148397505
1.681,0.3411302269
1.691,0.2377481908
1.701,0.3122814596
1.711,0.3471699357
1.721,0.2454934716
1.731,0.3198187351
1.741,0.3497129977
1.751,0.2480730861
1.761,0.3211278915
1.771,0.352311492
1.781,0.2532821298
1.791,0.3216817975
1.801,0.3630774021
1.811,0.264316529
1.821,0.3179523945
1.831,0.3723944128
1.841,0.2757098675
1.851,0.3136908412
1.861,0.3822332919
1.871,0.2933227718
1.881,0.3068333864
1.891,0.3900722265
1.901,0.3137212694
1.911,0.2982892394
1.921,0.3903147578
1.931,0.3405706882
1.941,0.294396013
1.951,0.3814733326
1.961,0.3661595285
1.971,0.2940255702
1.981,0.3574156165
1.991,0.3809469044
2.001,0.3013021052
2.011,0.3263756633
2.021,0.3789249361
2.031,0.3199393749
2.041,0.3039875627
2.051,0.3594719172
2.061,0.339132607
2.071,0.2980973721
2.081,0.3318605125
2.091,0.3438818157
2.101,0.3035266101
2.111,0.3079203963
2.121,0.3353831768
2.131,0.3142796755
2.141,0.2964248359
2.151,0.3171486259
2.161,0.3168942928
2.171,0.2932399809
2.181,0.29787305
2.191,0.309730202
2.201,0.2935347557
2.211,0.2834022939
2.221,0.2951115966
2.231,0.2905413508
2.241,0.2729406357
2.251,0.2796614468
2.261,0.2880357802
2.271,0.2671859264
2.281,0.2612225711
2.291,0.2819107771
2.301,0.2636796236
2.311,0.2362833619
2.321,0.2719236016
2.331,0.2711194456
2.341,0.2027515769
2.351,0.2425435334
2.361,0.2935094237
2.371,0.2155231237
2.381,0.1923618019
2.391,0.2752570808
2.401,0.2489581257
2.411,0.1705604047
2.421,0.22441791
2.431,0.2592624128
2.441,0.1759799719
2.451,0.1687037051
2.461,0.2468845546
2.471,0.2077754289
2.481,0.1410575658
2.491,0.2018905133
2.501,0.2278504521
2.511,0.1444144249
2.521,0.1442739367
2.531,0.2178305835
2.541,0.1740064025
2.551,0.1101675108
2.561,0.1690389365
2.571,0.1925998181
2.581,0.1114933565
2.591,0.1105062515
2.601,0.1794650853
2.611,0.1386667043
2.621,0.07684985548
2.631,0.1301243454
2.641,0.155429095
2.651,0.08109499514
2.661,0.07341472805
2.671,0.1327097118
2.681,0.1037411988
2.691,0.04620392248
2.701,0.07907805592
2.711,0.1061074883
2.721,0.05550938845
2.731,0.03642315045
2.741,0.07465747744
2.751,0.06758396327
2.761,0.0264202971
2.771,0.03473048657
2.781,0.05600286648
2.791,0.0319968611
2.801,0.01098642219
2.811,0.02668201178
2.821,0.02919360436
2.831,0.005677104462
2.841,0.0008174021496
2.851,0.0120779546
2.861,0.003545562271
2.871,-0.01246915106
2.881,-0.009472962469
2.891,-0.005589162465
2.901,-0.01813863404
2.911,-0.02608463913
2.921,-0.02070088126
2.931,-0.02398000285
2.941,-0.03639204428
2.951,-0.03742132708
2.961,-0.03412179276
2.971,-0.04323029518
2.981,-0.05174975097
2.991,-0.048267629
3.001,-0.05010746419
3.011,-0.06238763407
3.021,-0.06310163438
3.031,-0.05708703399
3.041,-0.06905993819
3.051,-0.07917705178
3.061,-0.06628388166
3.071,-0.07072869688
3.081,-0.09626036137
3.091,-0.08206713945
3.101,-0.06481153518
3.111,-0.1105011329
3.121,-0.1138814539
3.131,-0.05094345286
3.141,-0.09645177424
3.151,-0.1570974737
3.161,-0.08771475405
3.171,-0.06254800409
3.181,-0.1489476115
3.191,-0.1473696977
3.201,-0.0653982386
3.211,-0.1043524295
3.221,-0.1739401519
3.231,-0.1130181476
3.241,-0.07900277525
3.251,-0.1609093696
3.261,-0.1713614762
3.271,-0.08745566756
3.281,-0.1162772179
3.291,-0.1956262589
3.301,-0.1468626708
3.311,-0.09868372232
3.321,-0.1732544601
3.331,-0.2016159147
3.341,-0.1202020496
3.351,-0.1332684159
3.361,-0.216890052
3.371,-0.1826341152
3.381,-0.1219007149
3.391,-0.1861696541
3.401,-0.2308531702
3.411,-0.1573735029
3.421,-0.1497926712
3.431,-0.2335212976
3.441,-0.222023353
3.451,-0.1510416567
3.461,-0.1964345127
3.471,-0.2585250735
3.481,-0.2018159628
3.491,-0.17018646
3.501,-0.2455432564
3.511,-0.2612934113
3.521,-0.1946494728
3.531,-0.2117670029
3.541,-0.2782385647
3.551,-0.2538947761
3.561,-0.2109000981
3.571,-0.2524280846
3.581,-0.2876161039
3.591,-0.2501556575
3.601,-0.2379343957
3.611,-0.2833188176
3.621,-0.2879069448
3.631,-0.254124403
3.641,-0.268422991
3.651,-0.3026384413
3.661,-0.2884855866
3.671,-0.2715858519
3.681,-0.2988074124
3.691,-0.3133541644
3.701,-0.2916196287
3.711,-0.2945599556
3.721,-0.3218909502
3.731,-0.3204082251
3.741,-0.3074799478
3.751,-0.3270760179
3.761,-0.3427499831
3.771,-0.32117787
3.781,-0.3249637783
3.791,-0.3607557416
3.801,-0.341733247
3.811,-0.3156147897
3.821,-0.3726495504
3.831,-0.3780471385
3.841,-0.3013988137
3.851,-0.3492878377
3.861,-0.415189594
3.871,-0.339853555
3.881,-0.3193027973
3.891,-0.4131042957
3.901,-0.3998962641
3.911,-0.3147935867
3.921,-0.36819309
3.931,-0.423410356
3.941,-0.3453706801
3.951,-0.3410983086
3.961,-0.4314176738
3.971,-0.3983272016
3.981,-0.3370011151
3.991,-0.4105729163
4.001,-0.4417891204
4.011,-0.3583633304
4.021,-0.3840117455
4.031,-0.4599227607
4.041,-0.4035402536
4.051,-0.3725335002
4.061,-0.4549194574
4.071,-0.4492828548
4.081,-0.3859054744
4.091,-0.440141499
4.101,-0.4809270203
4.111,-0.4232322872
4.121,-0.431101054
4.131,-0.4874027669
4.141,-0.4631008208
4.151,-0.4414254129
4.161,-0.4836556911
4.171,-0.4910909235
4.181,-0.468013823
4.191,-0.4876716435
4.201,-0.5080640912
4.211,-0.4972756207
4.221,-0.5025751591
4.231,-0.5215791464
4.241,-0.5225443244
4.251,-0.5241371393
4.261,-0.5377794504
4.271,-0.5449351668
4.281,-0.5483830571
4.291,-0.5585403442
4.301,-0.5678522587
4.311,-0.5741554499
4.321,-0.5833569765
4.331,-0.5933161974
4.341,-0.6018614173
4.351,-0.6114156246
4.361,-0.626300931
4.371,-0.6408448219
4.381,-0.6534381509
4.391,-0.6678621769
4.401,-0.6815292835
4.411,-0.6932525635
4.421,-0.7168668509
4.431,-0.748826623
4.441,-0.765021801
4.451,-0.7894183993
4.461,-0.8136726022
4.471,-0.8260961175
4.481,-0.8480954766
4.491,-0.8651185036
4.501,-0.8784070611
4.511,-0.9030974507
4.521,-0.9200956821
4.531,-0.9447792768
4.541,-0.9756135941
4.551,-1.000084639
4.561,-1.038260579
4.571,-1.067361712
4.581,-1.098398805
4.591,-1.133506417
4.601,-1.154994726
4.611,-1.18511188
4.621,-1.198031187
4.631,-1.209535956
4.641,-1.21285212
4.651,-1.198439717
4.661,-1.187175632
4.671,-1.149087429
4.681,-1.119825125
4.691,-1.071200848
4.701,-1.031853199
4.711,-1.001012683
4.721,-0.9823876619
4.731,-1.016397595
4.741,-1.082892895
4.751,-1.217887521
4.761,-1.375794411
4.771,-1.531382442
4.781,-1.668908
4.791,-1.80726254
4.801,-1.838496327
4.811,-1.72435987
4.821,-1.553886056
4.831,-1.372685313
4.841,-1.198701739
4.851,-1.050007939
4.861,-0.9171403646
4.871,-0.7898010015
4.881,-0.6673161387
4.891,-0.6734202504
4.901,-0.7914467454
4.911,-0.9726415277
4.921,-1.170615315
4.931,-1.350258231
4.941,-1.502706885
4.951,-1.642478704
4.961,-1.710892558
4.971,-1.620261788
4.981,-1.463263154
4.991,-1.294593334
5.001,-1.131765366
5.011,-0.9778068066
5.021,-0.8258650899
5.031,-0.6765948534
5.041,-0.5358102918
5.051,-0.4780422747
5.061,-0.5508954525
5.071,-0.7064090967
5.081,-0.8920815587
5.091,-1.095303178
5.101,-1.293547869
5.111,-1.469631314
5.121,-1.504572034
5.131,-1.390375733
5.141,-1.22449851
5.151,-1.055968881
5.161,-0.8882139921
5.171,-0.7193548679
5.181,-0.5480400324
5.191,-0.3785423636
5.201,-0.2567386925
5.211,-0.2132351547
5.221,-0.3013773561
5.231,-0.4666476548
5.241,-0.6581847072
5.251,-0.861528635
5.261,-1.019390583
5.271,-1.020612717
5.281,-0.9127102494
5.291,-0.7651364803
5.301,-0.6060506701
5.311,-0.4420752227
5.321,-0.2698810399
5.331,-0.09920999408
5.341,0.04726579413
5.351,0.1498141736
5.361,0.1442929506
5.371,0.02050186321
5.381,-0.1654996723
5.391,-0.3704012632
5.401,-0.5618361831
5.411,-0.6415259838
5.421,-0.5992485285
5.431,-0.4779667258
5.441,-0.3243029714
5.451,-0.1604145169
5.461,-0.003566392232
5.471,0.1595551819
5.481,0.3152257204
5.491,0.4332968295
5.501,0.4712097347
5.511,0.4057504237
5.521,0.2671099901
5.531,0.06763499975
5.541,-0.1323970407
5.551,-0.2287605703
5.561,-0.195367679
5.571,-0.08485243469
5.581,0.04786153883
5.591,0.1894560456
5.601,0.3462928534
5.611,0.5170393586
5.621,0.6782447696
5.631,0.8143899441
5.641,0.8783170581
5.651,0.8208242059
5.661,0.6879422665
5.671,0.5130293965
5.681,0.3262939453
5.691,0.1982129961
5.701,0.1848968416
5.711,0.2502923012
5.721,0.371810317
5.731,0.5251181722
5.741,0.6956324577
5.751,0.8610442281
5.761,1.025593996
5.771,1.191157937
5.781,1.366834402
5.791,1.540344715
5.801,1.592804432
5.811,1.537437677
5.821,1.413802743
5.831,1.226463914
5.841,1.002073407
5.851,0.7767530084
5.861,0.587915957
5.871,0.5002360344
5.881,0.5488378406
5.891,0.6756521463
5.901,0.8442806602
5.911,1.028235793
5.921,1.183439136
5.931,1.304644585
5.941,1.328818202
5.951,1.241490602
5.961,1.093844056
5.971,0.915825367
5.981,0.72598809
5.991,0.5569292903
6.001,0.4759627879
6.011,0.5040285587
6.021,0.6210457087
6.031,0.7848383188
6.041,0.9655754566
6.051,1.109799981
6.061,1.167471409
6.071,1.093586564
6.081,0.9534946084
6.091,0.7792518735
6.101,0.5976564288
6.111,0.480946362
6.121,0.4619729817
6.131,0.5338339806
6.141,0.6478666663
6.151,0.7639800906
6.161,0.8507541418
6.171,0.8914242387
6.181,0.8833324909
6.191,0.832657218
6.201,0.7545220256
6.211,0.6744561195
6.221,0.6131846309
6.231,0.5791518092
6.241,0.5730746984
6.251,0.5876691341
6.261,0.6106436849
6.271,0.6278794408
6.281,0.6421103477
6.291,0.6507385969
6.301,0.6455791593
6.311,0.6292897463
6.321,0.6067712903
6.331,0.5824167728
6.341,0.5603076816
6.351,0.5429046154
6.361,0.5307800174
6.371,0.5229749084
6.381,0.5272541642
6.391,0.5347908735
6.401,0.5320270061
6.411,0.5201101899
6.421,0.505828023
6.431,0.4928823113
6.441,0.4815641344
6.451,0.4716411233
6.461,0.4616309702
6.471,0.4514243603
6.481,0.4421974123
6.491,0.4343158603
6.501,0.4270068109
6.511,0.4195639789
6.521,0.4119116068
6.531,0.4041979909
6.541,0.3965421021
6.551,0.3890814781
6.561,0.3818759024
6.571,0.3748812079
6.581,0.3681493104
6.591,0.361777246
6.601,0.3557797074
6.611,0.3501220644
6.621,0.3448452652
6.631,0.3399651051
6.641,0.3351866901
6.651,0.3305903971
6.661,0.326456368
6.671,0.3226104677
6.681,0.3188315928
6.691,0.3153571188
6.701,0.3124230504
6.711,0.3093423843
6.721,0.3062060177
6.731,0.3039737642
6.741,0.3020139635
6.751,0.2994643748
6.761,0.297549367
6.771,0.2966004014
6.781,0.2948022187
6.791,0.2928541899
6.801,0.2927945256
6.811,0.2921937704
6.821,0.2898542881
6.831,0.2877157927
6.841,0.2876027822
6.851,0.2875711024
6.861,0.2858426571
6.871,0.2867273688
6.881,0.289267987
6.891,0.2865372896
6.901,0.2862060964
6.911,0.2936618924
6.921,0.2897207737
6.931,0.2825305164
6.941,0.30095011
6.951,0.2998863757
6.961,0.2676733136
6.971,0.3100103736
6.981,0.3354678452
6.991,0.2456913292
7.001,0.2637244463
7.011,0.3510083556
7.021,0.302708149
7.031,0.2509946525
7.041,0.333063513
7.051,0.35006091
7.061,0.2609653771
7.071,0.2895570993
7.081,0.368829608
7.091,0.3089340329
7.101,0.2679238021
7.111,0.3551894724
7.121,0.3597069085
7.131,0.2730077207
7.141,0.3138306439
7.151,0.3867481053
7.161,0.3195537329
7.171,0.2952231765
7.181,0.386697799
7.191,0.3791661263
7.201,0.3008911014
7.211,0.3557731211
7.221,0.41268453
7.231,0.3355617523
7.241,0.330609262
7.251,0.4215539694
7.261,0.3946728408
7.271,0.3310419321
7.281,0.3989817798
7.291,0.438082099
7.301,0.3578303754
7.311,0.3732982576
7.321,0.456425935
7.331,0.4121736586
7.341,0.3682015538
7.351,0.4460150301
7.361,0.4642300904
7.371,0.3885973096
7.381,0.4233937562
7.391,0.4909727573
7.401,0.4365662336
7.411,0.4145417213
7.421,0.4916572571
7.431,0.4871295989
7.441,0.4348958135
7.451,0.4815192819
7.461,0.5211001039
7.471,0.4773491323
7.481,0.4805328548
7.491,0.5324988961
7.501,0.5186786056
7.511,0.4986741841
7.521,0.5393834114
7.531,0.5491913557
7.541,0.5241858363
7.551,0.5469331145
7.561,0.5703978539
7.571,0.5521498322
7.581,0.5596603751
7.591,0.5866282582
7.601,0.5788339376
7.611,0.5770791173
7.621,0.6008678079
7.631,0.602052629
7.641,0.596752882
7.651,0.6150930524
7.661,0.6220827103
7.671,0.6168299913
7.681,0.6298954487
7.691,0.6395788193
7.701,0.6359666586
7.711,0.6451856494
7.721,0.655262053
7.731,0.6532959938
7.741,0.6605089903
7.751,0.6704497337
7.761,0.669983089
7.771,0.6748170853
7.781,0.6844292879
7.791,0.6868647933
7.801,0.6912310123
7.811,0.6998749971
7.821,0.7025105953
7.831,0.7055708766
7.841,0.7118673325
7.851,0.7132353783
7.861,0.7148972154
7.871,0.7193964124
7.881,0.7201072574
7.891,0.7215560675
7.901,0.7254527807
7.911,0.7262236476
7.921,0.7278809547
7.931,0.7312134504
7.941,0.7315058708
7.951,0.7326077819
7.961,0.7344558239
7.971,0.7338849902
7.981,0.7375231385
7.991,0.742570281
8.001,0.7430543303
8.011,0.7504559755
8.021,0.7544563413
8.031,0.7508438826
8.041,0.7504361272
8.051,0.7421089411
8.061,0.7281898856
8.071,0.7198902369
8.081,0.7058002353
8.091,0.6944393516
8.101,0.6933733225
8.111,0.6884539127
8.121,0.691531539
8.131,0.7010584474
8.141,0.7010555863
8.151,0.7064384222
8.161,0.706514895
8.171,0.690962553
8.181,0.6798675656
8.191,0.6574712992
8.201,0.6288514733
8.211,0.6144405007
8.221,0.5962420702
8.231,0.5850790143
8.241,0.595397234
8.251,0.6026579142
8.261,0.617200911
8.271,0.6418387294
8.281,0.6451566219
8.291,0.6435297132
8.301,0.6361060143
8.311,0.5972361565
8.321,0.5565699935
8.331,0.5189344883
8.341,0.4672600627
8.351,0.4418746233
8.361,0.4408377111
8.371,0.4420258105
8.381,0.480116874
8.391,0.5304760933
8.401,0.5570384264
8.411,0.5921790004
8.421,0.6012026668
8.431,0.5552183986
8.441,0.5113642812
8.451,0.4476797879
8.461,0.3513143957
8.471,0.3066961169
8.481,0.2830067277
8.491,0.2567237318
8.501,0.3163407445
8.511,0.3841888905
8.521,0.4115352035
8.531,0.4973479509
8.541,0.5307824612
8.551,0.4710856974
8.561,0.4575442076
8.571,0.408036828
8.581,0.2946326733
8.591,0.2439990491
8.601,0.2254055142
8.611,0.1546380967
8.621,0.1787711978
8.631,0.2583252788
8.641,0.2642993033
8.651,0.306878835
8.661,0.3882020414
8.671,0.3653644323
8.681,0.315975517
8.691,0.3189640343
8.701,0.2622682154
8.711,0.1664972454
8.721,0.1558047682
8.731,0.1597759426
8.741,0.1092731655
8.751,0.1247117072
8.761,0.1928609014
8.771,0.1855148375
8.781,0.1667437553
8.791,0.2110415846
8.801,0.2085609734
8.811,0.1398978382
8.821,0.1235578433
8.831,0.1383155435
8.841,0.08900614083
8.851,0.04398045689
8.861,0.07489407808
8.871,0.08808766305
8.881,0.04562614486
8.891,0.04633217677
8.901,0.0883134678
8.911,0.07056871802
8.921,0.02308666706
8.931,0.03610385954
8.941,0.05701759458
8.951,0.01247558463
8.961,-0.02476292476
8.971,0.005089303013
8.981,0.01451676432
8.991,-0.03861616179
9.001,-0.05242215469
9.011,-0.005335474852
9.021,-0.0139549952
9.031,-0.07708655298
9.041,-0.06936432421
9.051,-0.01636093296
9.061,-0.04768706486
9.071,-0.1152898893
9.081,-0.0907317847
9.091,-0.0372020714
9.101,-0.07769428194
9.111,-0.1449557394
9.121,-0.1151257381
9.131,-0.06076896936
9.141,-0.1011934727
9.151,-0.1700689495
9.161,-0.1433196813
9.171,-0.08528071642
9.181,-0.1192892715
9.191,-0.1926972568
9.201,-0.1768565029
9.211,-0.1124545187
9.221,-0.1328873038
9.231,-0.2102755606
9.241,-0.2120819241
9.251,-0.1441518962
9.261,-0.1443209499
9.271,-0.2204260677
9.281,-0.2458726764
9.291,-0.1828997731
9.301,-0.1568039656
9.311,-0.2215471417
9.321,-0.273293227
9.331,-0.2276172936
9.341,-0.1748429239
9.351,-0.2158666402
9.361,-0.2890742123
9.371,-0.2747837305
9.381,-0.2054569721
9.391,-0.2103781402
9.401,-0.287902832
9.411,-0.31369102
9.421,-0.2506988645
9.431,-0.2147871256
9.441,-0.2724350989
9.451,-0.3340452015
9.461,-0.3018374443
9.471,-0.2357573062
9.481,-0.2540690899
9.491,-0.331551522
9.501,-0.3454169631
9.511,-0.2777172029
9.521,-0.2470874339
9.531,-0.3081926107
9.541,-0.3657960296
9.551,-0.3299951851
9.561,-0.2640743256
9.571,-0.281763643
9.581,-0.3573310971
9.591,-0.3727751374
9.601,-0.3062810302
9.611,-0.2714835703
9.621,-0.332153976
9.631,-0.3933369517
9.641,-0.3552731872
9.651,-0.2819721401
9.661,-0.2983852625
9.671,-0.3788388968
9.681,-0.3956567943
9.691,-0.3233417869
9.701,-0.2842121124
9.711,-0.3426963389
9.721,-0.4062608182
9.731,-0.3741002083
9.741,-0.3015294671
9.751,-0.3079522848
9.761,-0.3834117651
9.771,-0.407668978
9.781,-0.3459131122
9.791,-0.3009758592
9.801,-0.3431299031
9.811,-0.4035265446
9.821,-0.3887022436
9.831,-0.3262179792
9.841,-0.3157794476
9.851,-0.3702861667
9.861,-0.4026440978
9.871,-0.3654618859
9.881,-0.3200802505
9.891,-0.3360227942
9.901,-0.3843102157
9.911,-0.3896359205
9.921,-0.3469902277
9.931,-0.3238109946
9.941,-0.3524526358
9.951,-0.3849417567
9.961,-0.3719090819
9.971,-0.3356279135
9.981,-0.3312737644
9.991,-0.3609704077
10.001,-0.3762819469
10.011,-0.3546679616
10.021,-0.3300069869
10.031,-0.3375757337
10.041,-0.3611685038
10.051,-0.3627507985
10.061,-0.3403660655
10.071,-0.3276936412
10.081,-0.3405286074
10.091,-0.355248034
10.101,-0.3479639292
10.111,-0.3296417594
10.121,-0.3268204331
10.131,-0.3400579393
10.141,-0.3459445536
10.151,-0.3340781033
10.161,-0.3216070831
10.171,-0.3252928555
10.181,-0.3356389999
10.191,-0.3338869214
10.201,-0.3210029304
10.211,-0.31520769
10.221,-0.3224371672
10.231,-0.3278162181
10.241,-0.3202237487
10.251,-0.3096286356
10.261,-0.3102956116
10.271,-0.3178000152
10.281,-0.3165927231
10.291,-0.306032598
10.301,-0.3007932901
10.311,-0.3061749935
10.321,-0.3097603917
10.331,-0.3024889231
10.341,-0.2936227918
10.351,-0.2948201299
10.361,-0.3005509973
10.371,-0.2976956069
10.381,-0.2878853083
10.391,-0.2845989466
10.401,-0.2903051674
10.411,-0.2920529842
10.421,-0.2829225063
10.431,-0.275668174
10.441,-0.2803228498
10.451,-0.284853965
10.461,-0.2763457298
10.471,-0.2659126222
10.481,-0.2695627809
10.491,-0.2774943113
10.501,-0.2704440355
10.511,-0.2565595508
10.521,-0.2585611641
10.531,-0.2703016698
10.541,-0.2652719617
10.551,-0.2471788377
10.561,-0.2464478761
10.571,-0.2613466978
10.581,-0.2580533326
10.591,-0.2350320667
10.601,-0.2320633531
10.611,-0.2542079091
10.621,-0.254865557
10.631,-0.2236262262
10.641,-0.2167504132
10.651,-0.2498562485
10.661,-0.255515188
10.671,-0.2102763802
10.681,-0.1985970289
10.691,-0.2508341968
10.701,-0.2637167573
10.711,-0.195238322
10.721,-0.1728762984
10.731,-0.2456327677
10.741,-0.2750228941
10.751,-0.2038804591
10.761,-0.1563838273
10.771,-0.2150143087
10.781,-0.2704168558
10.791,-0.2213412821
10.801,-0.1499661654
10.811,-0.182785511
10.821,-0.257588625
10.831,-0.2373132706
10.841,-0.1550125629
10.851,-0.1586301327
10.861,-0.2387262881
10.871,-0.247581929
10.881,-0.1690854728
10.891,-0.141975373
10.901,-0.2117980272
10.911,-0.2486634552
10.921,-0.1859139651
10.931,-0.1322907954
10.941,-0.1807104349
10.951,-0.2393735647
10.961,-0.1999600083
10.971,-0.1300659627
10.981,-0.1510112733
10.991,-0.2193013132
11.001,-0.2085271031
11.011,-0.1366456747
11.021,-0.1267603189
11.031,-0.187247932
11.041,-0.2063361108
11.051,-0.1512006372
11.061,-0.1157086566
11.071,-0.1507921517
11.081,-0.1873977929
11.091,-0.1627704948
11.101,-0.1202279776
11.111,-0.1256273687
11.121,-0.1599206775
11.131,-0.1615996957
11.141,-0.1295697093
11.151,-0.1157831401
11.161,-0.1358308494
11.171,-0.1502674222
11.181,-0.134788394
11.191,-0.1155161262
11.201,-0.1201967075
11.211,-0.1349443644
11.221,-0.1327623278
11.231,-0.1174701527
11.241,-0.1124889553
11.251,-0.1213040352
11.261,-0.1256053299
11.271,-0.1173500195
11.281,-0.1093206629
11.291,-0.1117005572
11.301,-0.1168474853
11.311,-0.1142914519
11.321,-0.1073978916
11.331,-0.1056594551
11.341,-0.1089088172
11.351,-0.1093228832
11.361,-0.104932934
11.371,-0.1016221717
11.381,-0.1025510579
11.391,-0.1037183702
11.401,-0.101494357
11.411,-0.09823904186
11.421,-0.09753313661
11.431,-0.098325409
11.441,-0.09740334004
11.451,-0.09485346824
11.461,-0.0933541432
11.471,-0.09346543252
11.481,-0.0930930078
11.491,-0.09128885716
11.501,-0.08958245814
11.511,-0.08911806345
11.521,-0.088862665
11.531,-0.08721325547
11.541,-0.08517204225
11.551,-0.08453202248
11.561,-0.08476503193
11.571,-0.0841864422
11.581,-0.08292957395
11.591,-0.08244027197
11.601,-0.08278673142
11.611,-0.08266057074
11.621,-0.08178972453
11.631,-0.08129221201
11.641,-0.08153766394
11.651,-0.08152513951
11.661,-0.08077754825
11.671,-0.08015910536
11.681,-0.08019388467
11.691,-0.08011282235
11.701,-0.07935063541
11.711,-0.07858817279
11.721,-0.07840152085
11.731,-0.07813449949
11.741,-0.07713073492
11.751,-0.07593590021
11.761,-0.07518351823
11.771,-0.07436063886
11.781,-0.07285861671
11.791,-0.0711049065
11.801,-0.0697927624
11.811,-0.06853926927
11.821,-0.0666449219
11.831,-0.06453641504
11.841,-0.06295959651
11.851,-0.06151571497
11.861,-0.05948733166
11.871,-0.05730898306
11.881,-0.05572110415
11.891,-0.05426122993
11.901,-0.05216694996
11.911,-0.04994974658
11.921,-0.04842257127
11.931,-0.04706492275
11.941,-0.0450681597
11.951,-0.04301962256
11.961,-0.04175613075
11.971,-0.04063048214
11.981,-0.03878507391
11.991,-0.03693953902
12.001,-0.0359644182
12.011,-0.03504246473
12.021,-0.03327739611
12.031,-0.03157369792
12.041,-0.03081289679
12.051,-0.02994506806
12.061,-0.02807527035
12.071,-0.02639414184
12.081,-0.02577975951
12.091,-0.024885986
12.101,-0.02287422307
12.111,-0.02128401771
12.121,-0.02091218904
12.131,-0.0200093668
12.141,-0.01785856672
12.151,-0.01645619236
12.161,-0.01641216874
12.171,-0.01545667183
12.181,-0.0131618306
12.191,-0.01178124826
12.201,-0.01058737002
12.211,-0.005904147401
12.221,0.0004969715374
12.231,0.003135921666
12.241,0.003235399025
12.251,0.006011171266
12.261,0.009056850336
12.271,0.006746388972
12.281,0.002930050949
12.291,0.004025675822
12.301,0.005292140879
12.311,0.0002698967292
12.321,-0.0040906379
12.331,-0.001397178043
12.341,-0.0001165560316
12.351,-0.006396950688
12.361,-0.009750496596
12.371,-0.004440942314
12.381,-0.003261574311
12.391,-0.01115857437
12.401,-0.01273350604
12.411,-0.004316593986
12.421,-0.004103233106
12.431,-0.0136191221
12.441,-0.01154982764
12.451,0.0005365015822
12.461,-0.002052893396
12.471,-0.01365319174
12.481,-0.006410126109
12.491,0.008334092796
12.501,-0.0002689591201
12.511,-0.01359443832
12.521,0.001380600035
12.531,0.01680868305
12.541,-0.001334040542
12.551,-0.01383029297
12.561,0.01242531464
12.571,0.02452534065
12.581,-0.006893672049
12.591,-0.01284678373
12.601,0.0284968242
12.611,0.02950275689
12.621,-0.01850373484
12.631,-0.007089092862
12.641,0.05112564564
12.651,0.02697972953
12.661,-0.03499175236
12.671,0.0009810618358
12.681,0.06398042291
12.691,0.02354813367
12.701,-0.03455098718
12.711,0.01185735688
12.721,0.06913691014
12.731,0.02076267451
12.741,-0.0307740178
12.751,0.02303967252
12.761,0.07183904946
12.771,0.01622948237
12.781,-0.0243949797
12.791,0.03555982932
12.801,0.07395514101
12.811,0.01597809605
12.821,-0.01497733686
12.831,0.04313566163
12.841,0.07262422144
12.851,0.0230391454
12.861,-0.0007643682766
12.871,0.0434810333
12.881,0.06741824746
12.891,0.03390173987
12.901,0.01462549902
12.911,0.04246494174
12.921,0.06191123649
12.931,0.04295135662
12.941,0.02799673192
12.951,0.04340561479
12.961,0.05814809352
12.971,0.04902303219
12.981,0.03846329078
12.991,0.0463739261
13.001,0.05696314946
13.011,0.05345135927
13.021,0.04668470845
13.031,0.05055347085
13.041,0.0578019321
13.051,0.05708059669
13.061,0.0530882068
13.071,0.05497793108
13.081,0.05983767286
13.091,0.0603675656
13.101,0.05827251449
13.111,0.05933173373
13.121,0.06264928728
13.131,0.06370312721
13.141,0.06265588105
13.151,0.06286477298
13.161,0.06496758014
13.171,0.06634169817
13.181,0.06624708325
13.191,0.06678808481
13.201,0.06862702221
13.211,0.06999216229
13.221,0.07022824883
13.231,0.07178918272
13.241,0.07520642877
13.251,0.07668753713
13.261,0.07618074864
13.271,0.07825379074
13.281,0.08174280822
13.291,0.08110150695
13.301,0.08018302917
13.311,0.08522553742
13.321,0.08757521957
13.331,0.08231237531
13.341,0.08575610816
13.351,0.09614218026
13.361,0.08767077327
13.371,0.08021099865
13.381,0.1047323272
13.391,0.1043439656
13.401,0.0651158914
13.411,0.1009901762
13.421,0.149148196
13.431,0.08126714826
13.441,0.05001915246
13.451,0.1310695112
13.461,0.1469618976
13.471,0.0648009032
13.481,0.07182137668
13.491,0.158771947
13.501,0.1377314478
13.511,0.06293550134
13.521,0.1044757217
13.531,0.1710016131
13.541,0.1153447106
13.551,0.07056119293
13.561,0.1421017051
13.571,0.1725378484
13.581,0.09510299563
13.591,0.08886611462
13.601,0.1731414348
13.611,0.1640214324
13.621,0.08711930364
13.631,0.1172590032
13.641,0.1894602627
13.651,0.1452716887
13.661,0.09151336551
13.671,0.152837351
13.681,0.1954388469
13.691,0.1269433349
13.701,0.1073161587
13.711,0.1854609847
13.721,0.1908895373
13.731,0.1171267107
13.741,0.1349648684
13.751,0.2087381035
13.761,0.1784339845
13.771,0.1194887161
13.781,0.1687037051
13.791,0.2201966792
13.801,0.1653268635
13.811,0.1349199861
13.821,0.1994330883
13.831,0.2201312333
13.841,0.1626221687
13.851,0.161275357
13.861,0.2191751748
13.871,0.2150092572
13.881,0.1703331321
13.891,0.187148273
13.901,0.2285741717
13.911,0.2116837949
13.921,0.1842377931
13.931,0.2092062384
13.941,0.2360029668
13.951,0.2156599462
13.961,0.2030017376
13.971,0.2312163413
13.981,0.2432899326
13.991,0.2208909988
14.001,0.2219655067
14.011,0.2496747524
14.021,0.2479254156
14.031,0.2288129926
14.041,0.2428843081
14.051,0.2640994787
14.061,0.2508594096
14.071,0.241182372
14.081,0.2632605731
14.091,0.2720857561
14.101,0.2557990849
14.111,0.257499367
14.121,0.2776866853
14.131,0.277977705
14.141,0.2670385242
14.151,0.276355952
14.161,0.2915110588
14.171,0.2883980572
14.181,0.2843539417
14.191,0.296667546
14.201,0.3051117957
14.211,0.2991167605
14.221,0.3005363345
14.231,0.312820226
14.241,0.3147715628
14.251,0.3099309802
14.261,0.3171688616
14.271,0.3268114924
14.281,0.3242066503
14.291,0.3238280416
14.301,0.334415555
14.311,0.3385927379
14.321,0.3346228004
14.331,0.340123713
14.341,0.3495578766
14.351,0.3477584422
14.361,0.3466646671
14.371,0.3562377691
14.381,0.3601563275
14.391,0.3558151424
14.401,0.3608851731
14.411,0.3697012067
14.421,0.3670277596
14.431,0.3660453558
14.441,0.3758084476
14.451,0.3778807819
14.461,0.3698059022
14.471,0.3745131195
14.481,0.3837242424
14.491,0.3773871064
14.501,0.3755096197
14.511,0.3881362677
14.521,0.386804074
14.531,0.3775575459
14.541,0.3884066045
14.551,0.3946859539
14.561,0.3805059195
14.571,0.3847301006
14.581,0.399872601
14.591,0.3858606517
14.601,0.3792386353
14.611,0.4016098678
14.621,0.3937953711
14.631,0.3722611666
14.641,0.3959106505
14.651,0.4007976949
14.661,0.3627473116
14.671,0.3787485659
14.681,0.4048489928
14.691,0.3540301621
14.701,0.3497128189
14.711,0.4060875475
14.721,0.3648759723
14.731,0.3231470883
14.741,0.3851003945
14.751,0.3818575144
14.761,0.3135512173
14.771,0.346849829
14.781,0.3829642534
14.791,0.3170766532
14.801,0.3050015867
14.811,0.3638377488
14.821,0.3264004886
14.831,0.2717019618
14.841,0.3213639855
14.851,0.3271104395
14.861,0.2538038492
14.871,0.2642334104
14.881,0.3080670238
14.891,0.2513334751
14.901,0.2115248889
14.911,0.2635244727
14.921,0.250017345
14.931,0.178280741
14.941,0.1955358386
14.951,0.227257207
14.961,0.1647106409
14.971,0.1292864829
14.981,0.1747560352
14.991,0.15899463
15.001,0.08916404843
15.011,0.100140892
15.021,0.1345729381
15.031,0.07990625501
15.041,0.03177106008
15.051,0.07066181302
15.061,0.07420875877
15.071,0.002431610599
15.081,-0.01103287283
15.091,0.03357381746
15.101,0.004265880212
15.111,-0.06269852817
15.121,-0.04590669274
15.131,-0.01146819908
15.141,-0.06530511379
15.151,-0.1168126017
15.161,-0.07882153243
15.171,-0.06156345829
15.181,-0.1316204071
15.191,-0.1638191491
15.201,-0.1119989753
15.211,-0.1135252416
15.221,-0.1885233223
15.231,-0.2057865113
15.241,-0.1504302025
15.251,-0.1618422121
15.261,-0.237344861
15.271,-0.2494940907
15.281,-0.1943335533
15.291,-0.2042404711
15.301,-0.2802256942
15.311,-0.2957110107
15.321,-0.2396104336
15.331,-0.2411051244
15.341,-0.3170318007
15.351,-0.3421000838
15.361,-0.2853411734
15.371,-0.2739336193
15.381,-0.3467854857
15.391,-0.3859022856
15.401,-0.3330535293
15.411,-0.3053946793
15.421,-0.3698894382
15.431,-0.4251931608
15.441,-0.3830408454
15.451,-0.3375647068
15.461,-0.3862715065
15.471,-0.4566916823
15.481,-0.4345743358
15.491,-0.3745462
15.501,-0.4000298083
15.511,-0.4788593054
15.521,-0.484066397
15.531,-0.4192603528
15.541,-0.415725559
15.551,-0.4915266931
15.561,-0.5246322751
15.571,-0.4693213105
15.581,-0.4388693273
15.591,-0.4985125065
15.601,-0.5538408756
15.611,-0.5196090937
15.621,-0.4704892933
15.631,-0.5039832592
15.641,-0.5704166889
15.651,-0.5650845766
15.661,-0.5113132596
15.671,-0.5159256458
15.681,-0.5835136175
15.691,-0.6016386151
15.701,-0.5476406217
15.711,-0.5324755311
15.721,-0.5949005485
15.731,-0.6304936409
15.741,-0.5854222178
15.751,-0.5551834106
15.761,-0.606369853
15.771,-0.6549755335
15.781,-0.6237171292
15.791,-0.5838170648
15.801,-0.61979568
15.811,-0.6742741466
15.821,-0.6593181491
15.831,-0.6175252795
15.841,-0.6389970183
15.851,-0.6935956478
15.861,-0.690516293
15.871,-0.6496795416
15.881,-0.6609846354
15.891,-0.7129795551
15.901,-0.7182409763
15.911,-0.6813572049
15.921,-0.6864574552
15.931,-0.7337789536
15.941,-0.7435780764
15.951,-0.7126788497
15.961,-0.7156799436
15.971,-0.7563984394
15.981,-0.7666068077
15.991,-0.7427186966
16.001,-0.7465674281
16.011,-0.7801800966
16.021,-0.7884973288
16.031,-0.7715673447
16.041,-0.7777732611
16.051,-0.8043852448
16.061,-0.8098111749
16.071,-0.7994955778
16.081,-0.8083226085
16.091,-0.8281904459
16.101,-0.830843389
16.111,-0.8263721466
16.121,-0.836640954
16.131,-0.8501555324
16.141,-0.8509759903
16.151,-0.8508060575
16.161,-0.8597391248
16.171,-0.8665217161
16.181,-0.8660559058
16.191,-0.8696399927
16.201,-0.8791323304
16.211,-0.8821918368
16.221,-0.8817082644
16.231,-0.8865504861
16.241,-0.891277194
16.251,-0.8911688924
16.261,-0.8924916983
16.271,-0.8963546753
16.281,-0.8975296617
16.291,-0.897544086
16.301,-0.8995812535
16.311,-0.9011760354
16.321,-0.900863409
16.331,-0.9012570977
16.341,-0.9019836783
16.351,-0.9011847973
16.361,-0.9000999928
16.371,-0.899422884
16.381,-0.8979098797
16.391,-0.8958864212
16.401,-0.8941918612
16.411,-0.8921689391
16.421,-0.8897037506
16.431,-0.8867394924
16.441,-0.8837240338
16.451,-0.8811671734
16.461,-0.8781248331
16.471,-0.8748133183
16.481,-0.870963037
16.491,-0.8658147454
16.501,-0.8608279824
16.511,-0.8561986089
16.521,-0.8510396481
16.531,-0.846075356
16.541,-0.8416475058
16.551,-0.836974442
16.561,-0.8319952488
16.571,-0.8272199035
16.581,-0.8221775293
16.591,-0.8164667487
16.601,-0.8104410768
16.611,-0.8039405346
16.621,-0.7967709899
16.631,-0.7893217206
16.641,-0.7817378044
16.651,-0.7740318179
16.661,-0.7665566802
16.671,-0.7594687343
16.681,-0.7526951432
16.691,-0.746295929
16.701,-0.7401763797
16.711,-0.7340109348
16.721,-0.7275743484
16.731,-0.7206571102
16.741,-0.7130014896
16.751,-0.7045465708
16.761,-0.6952614188
16.771,-0.6852893233
16.781,-0.6754571795
16.791,-0.6653466821
16.801,-0.6554808021
16.811,-0.6466997266
16.821,-0.6384382844
16.831,-0.6308497787
16.841,-0.624306798
16.851,-0.6180260181
16.861,-0.6115039587
16.871,-0.6047036648
16.881,-0.5969641805
16.891,-0.5879181623
16.901,-0.5778764486
16.911,-0.5669215918
16.921,-0.5552813411
16.931,-0.5437709689
16.941,-0.5328789949
16.951,-0.5228087902
16.961,-0.5140358806
16.971,-0.5065291524
16.981,-0.4997414649
16.991,-0.4933077097
17.001,-0.4866811037
17.011,-0.479128927
17.021,-0.4703865051
17.031,-0.4604377449
17.041,-0.4493286014
17.051,-0.4375461638
17.061,-0.4257627428
17.071,-0.4144192934
17.081,-0.4039331377
17.091,-0.3946123123
17.101,-0.3862957954
17.111,-0.3785984814
17.121,-0.371180743
17.131,-0.3635598123
17.141,-0.3552780747
17.151,-0.3462462425
17.161,-0.3365094066
17.171,-0.3261471689
17.181,-0.3154495955
17.191,-0.3045406342
17.201,-0.2938497365
17.211,-0.2842103839
17.221,-0.275237143
17.231,-0.2664729655
17.241,-0.2583650649
17.251,-0.2505738437
17.261,-0.242153421
17.271,-0.2334215343
17.281,-0.2248025388
17.291,-0.2155471146
17.301,-0.205772832
17.311,-0.1968722045
17.321,-0.1880308241
17.331,-0.1783495396
17.341,-0.1696330607
17.351,-0.1620500386
17.361,-0.1531200558
17.371,-0.1440124959
17.381,-0.137161985
17.391,-0.1292807311
17.401,-0.1189254299
17.411,-0.1116146371
17.421,-0.1059149131
17.431,-0.09476161748
17.441,-0.08494467288
17.451,-0.08280938119
17.461,-0.07387761027
17.471,-0.05783287063
17.481,-0.05770951509
17.491,-0.05890204385
17.501,-0.03357514367
17.511,-0.02420388907
17.521,-0.04875964671
17.531,-0.02300615422
17.541,0.02524128556
17.551,-0.02182262391
17.561,-0.04962630197
17.571,0.02010968141
17.581,0.04886241257
17.591,-0.0175792072
17.601,-0.01966254041
17.611,0.06015890092
17.621,0.06442726403
17.631,-0.005037131719
17.641,0.01332427189
17.651,0.09232255071
17.661,0.07648767531
17.671,0.01245448552
17.681,0.04771396145
17.691,0.1218457893
17.701,0.09170036018
17.711,0.03611883149
17.721,0.08388916403
17.731,0.153035596
17.741,0.1112710834
17.751,0.06052070111
17.761,0.1161602288
17.771,0.1791592687
17.781,0.1304905117
17.791,0.08313504606
17.801,0.1423911601
17.811,0.2025283873
17.821,0.1522870064
17.831,0.1048595682
17.841,0.1629844159
17.851,0.2252526134
17.861,0.1792921722
17.871,0.1268910617
17.881,0.1794723123
17.891,0.2475646734
17.901,0.211736083
17.911,0.1502193063
17.921,0.1916646212
17.931,0.2682862878
17.941,0.2486509234
17.951,0.176643312
17.961,0.2002517432
17.971,0.2820942402
17.981,0.2842918932
17.991,0.2080606371
18.001,0.2081294656
18.011,0.2878377438
18.021,0.3158268929
18.031,0.2481778562
18.041,0.2209936976
18.051,0.2880586982
18.061,0.3411498368
18.071,0.2938392162
18.081,0.2399536371
18.091,0.2837334871
18.101,0.356911242
18.111,0.3376041353
18.121,0.2674020231
18.131,0.2805360854
18.141,0.3599922359
18.151,0.3757618368
18.161,0.3067010939
18.171,0.2838823497
18.181,0.3523638844
18.191,0.4014916122
18.201,0.3528075218
18.211,0.2987081409
18.221,0.3398600519
18.231,0.4120714068
18.241,0.3976442516
18.251,0.327378422
18.261,0.3308714926
18.271,0.4061179757
18.281,0.4313621819
18.291,0.3682656288
18.301,0.3329596817
18.311,0.3905979991
18.321,0.4485442638
18.331,0.4144790769
18.341,0.3522843719
18.351,0.3746008873
18.361,0.4500693977
18.371,0.4595827162
18.381,0.3913956583
18.391,0.3659256995
18.401,0.4294751585
18.411,0.4815937281
18.421,0.4401450157
18.431,0.3796283007
18.441,0.4052619636
18.451,0.4768615663
18.461,0.4815539718
18.471,0.4211978614
18.481,0.4038011432
18.491,0.4603270888
18.501,0.499001354
18.511,0.4622057378
18.521,0.4189035892
18.531,0.4427748322
18.541,0.4934521317
18.551,0.4907198548
18.561,0.4466356337
18.571,0.4392099082
18.581,0.484102875
18.591,0.5049312115
18.601,0.4685284495
18.611,0.442516923
18.621,0.4741242528
18.631,0.508395195
18.641,0.4873940051
18.651,0.451964587
18.661,0.4669147432
18.671,0.5062817931
18.681,0.5017725229
18.691,0.464656502
18.701,0.4635096788
18.711,0.5008174181
18.721,0.5104889274
18.731,0.4776091576
18.741,0.4638758004
18.751,0.4948130548
18.761,0.5148391724
18.771,0.4894975126
18.781,0.4675260484
18.791,0.4903220534
18.801,0.5166665316
18.811,0.4997184277
18.821,0.4732973278
18.831,0.4880624115
18.841,0.517570734
18.851,0.5083314776
18.861,0.4800939262
18.871,0.4880343676
18.881,0.5186066031
18.891,0.5157104135
18.901,0.4874250591
18.911,0.4902269542
18.921,0.5206175447
18.931,0.5219977498
18.941,0.4940683544
18.951,0.4935656488
18.961,0.5237598419
18.971,0.5278023481
18.981,0.5001986623
18.991,0.4983513057
19.001,0.5287454128
19.011,0.5333928466
19.021,0.50601089
19.031,0.5049033761
19.041,0.5355314016
19.051,0.5390651226
19.061,0.5116294026
19.071,0.5128934383
19.081,0.5441068411
19.091,0.5447839499
19.101,0.517187655
19.111,0.522656858
19.121,0.5542747974
19.131,0.5502111316
19.141,0.5230603218
19.151,0.5346626639
19.161,0.5656220913
19.171,0.554975152
19.181,0.5299562812
19.191,0.5493532419
19.201,0.5772902966
19.211,0.558776319
19.221,0.5389906764
19.231,0.5668673515
19.241,0.5880119801
19.251,0.5618808866
19.261,0.5516728759
19.271,0.5865666866
19.281,0.5962796211
19.291,0.565469265
19.301,0.5692329407
19.311,0.6064038277
19.321,0.6007923484
19.331,0.5717824101
19.341,0.5919635296
19.351,0.6232898831
19.361,0.602140367
19.371,0.5840989351
19.381,0.6186556816
19.391,0.6345194578
19.401,0.601575613
19.411,0.6064543724
19.421,0.6473788619
19.431,0.6331117153
19.441,0.6045268774
19.451,0.639236927
19.461,0.6611138582
19.471,0.6236813664
19.481,0.6260558963
19.491,0.6704063416
19.501,0.655079186
19.511,0.6251558065
19.521,0.6611506343
19.531,0.6800019741
19.541,0.6419409513
19.551,0.6478529572
19.561,0.6868430376
19.571,0.6668482423
19.581,0.6451224089
19.591,0.6785777211
19.601,0.6849222183
19.611,0.6546250582
19.621,0.667212069
19.631,0.6898998022
19.641,0.6689068675
19.651,0.661611855
19.661,0.6849048734
19.671,0.6798276305
19.681,0.6630659103
19.691,0.676438868
19.701,0.6830077171
19.711,0.6674790382
19.721,0.6688965559
19.731,0.6781130433
19.741,0.6679868102
19.751,0.6604947448
19.761,0.6669309139
19.771,0.6647305489
19.781,0.6561743617
19.791,0.657700479
19.801,0.6591997743
19.811,0.6526306868
19.821,0.6494199634
19.831,0.6496385932
19.841,0.6446015239
19.851,0.6386191249
19.861,0.6362497211
19.871,0.632045567
19.881,0.6255329847
19.891,0.6213406324
19.901,0.6176126003
19.911,0.6119043827
19.921,0.6062342525
19.931,0.6019056439
19.941,0.5971949697
19.951,0.5918263793
19.961,0.5869490504
19.971,0.5818110704
19.981,0.576141119
19.991,0.5701211095
20.001,0.5638383031
20.011,0.5572832227
20.021,0.5504320264
20.031,0.5436015725
20.041,0.537003696
20.051,0.5305836201
20.061,0.5243999958
20.071,0.5184810162
20.081,0.5126350522
20.091,0.5066999197
20.101,0.5006136298
20.111,0.4942510724
20.121,0.487516433
20.131,0.480458051
20.141,0.4731414616
20.151,0.4656206071
20.161,0.4580277503
20.171,0.4504789114
20.181,0.443020016
20.191,0.4356955886
20.201,0.4285289347
20.211,0.4214774966
20.221,0.4144886434
20.231,0.4074870348
20.241,0.4004050791
20.251,0.3932123482
20.261,0.3858892322
20.271,0.3784352541
20.281,0.3708790839
20.291,0.3632568121
20.301,0.3556486964
20.311,0.3480872512
20.321,0.3405704796
20.331,0.3331293166
20.341,0.3257758319
20.351,0.3184746504
20.361,0.3112113774
20.371,0.3039695919
20.381,0.2967271507
20.391,0.2894791067
20.401,0.2822341323
20.411,0.2749948204
20.421,0.2677720487
20.431,0.2606021464
20.441,0.2534892261
20.451,0.2463911176
20.461,0.2393498868
20.471,0.2324071974
20.481,0.2255160511
20.491,0.2186697125
20.501,0.2119208127
20.511,0.2052346021
20.521,0.1985812783
20.531,0.1919699013
20.541,0.1854673177
20.551,0.1790521145
20.561,0.1726554036
20.571,0.1663290262
20.581,0.1601173282
20.591,0.1539442986
20.601,0.147805348
20.611,0.1417865753
20.621,0.1358581334
20.631,0.1299436092
20.641,0.1241095215
20.651,0.1184167117
20.661,0.1127979308
20.671,0.1071746722
20.681,0.1016488522
20.691,0.0962786302
20.701,0.09093829989
20.711,0.0856270045
20.721,0.08049184084
20.731,0.07547269762
20.741,0.07042783499
20.751,0.06548409909
20.761,0.0607483536
20.771,0.0560275875
20.781,0.05127634853
20.791,0.04673883691
20.801,0.04236184806
20.811,0.03787584975
20.821,0.03347527236
20.831,0.02940452099
20.841,0.02529296279
20.851,0.0210312698
20.861,0.0170878116
20.871,0.01334043965
20.881,0.009339551441
20.891,0.005408730358
20.901,0.00197401573
20.911,-0.001507752691
20.921,-0.005328746978
20.931,-0.008688148111
20.941,-0.01156200282
20.951,-0.01492976863
20.961,-0.01848725975
20.971,-0.0211127419
20.981,-0.02363421023
20.991,-0.02718271501
21.001,-0.03025675751
21.011,-0.0319654122
21.021,-0.03460249677
21.031,-0.03845805675
21.041,-0.04042155668
21.051,-0.04128666967
21.061,-0.04486149177
21.071,-0.04869944602
21.081,-0.04860758036
21.091,-0.04938698933
21.101,-0.05483304709
21.111,-0.05718975887
21.121,-0.05426254123
21.131,-0.05718905479
21.141,-0.06484861672
21.151,-0.06274852157
21.161,-0.05762768909
21.171,-0.06651564687
21.181,-0.07425132394
21.191,-0.06328573823
21.201,-0.06043937802
21.211,-0.07989621907
21.221,-0.0800813809
21.231,-0.05653684214
21.241,-0.0678448379
21.251,-0.09888010472
21.261,-0.07475853711
21.271,-0.04297477752
21.281,-0.09029551595
21.291,-0.1192418411
21.301,-0.05025706813
21.311,-0.03139844164
21.321,-0.107595399
21.331,-0.1209489852
21.341,-0.04226189852
21.351,-0.03582367674
21.361,-0.1153469086
21.371,-0.1185993701
21.381,-0.03902010992
21.391,-0.0416729711
21.401,-0.1208828613
21.411,-0.1131447032
21.421,-0.03497368097
21.431,-0.05078591779
21.441,-0.128981784
21.451,-0.112084493
21.461,-0.03835879266
21.471,-0.06095219404
21.481,-0.1323778629
21.491,-0.1062276289
21.501,-0.03668117896
21.511,-0.06516009569
21.521,-0.1307633519
21.531,-0.09900058806
21.541,-0.03428870812
21.551,-0.06624151021
21.561,-0.1268245578
21.571,-0.09366679192
21.581,-0.03455216065
21.591,-0.06480643898
21.601,-0.1191557273
21.611,-0.0919310376
21.621,-0.0404789187
21.631,-0.06180237606
21.641,-0.1076592281
21.651,-0.09056761861
21.661,-0.04779383168
21.671,-0.05834302306
21.681,-0.09475359321
21.691,-0.08740232885
21.701,-0.05393091589
21.711,-0.05614512041
21.721,-0.08365819603
21.731,-0.08317101747
21.741,-0.05830578133
21.751,-0.05562647805
21.761,-0.07590501755
21.771,-0.07936354727
21.781,-0.0615359731
21.791,-0.05649071559
21.801,-0.07104897499
21.811,-0.07639709115
21.821,-0.06387759
21.831,-0.05805236101
21.841,-0.06861309707
21.851,-0.07532206923
21.861,-0.06684206426
21.871,-0.0610124059
21.881,-0.07103715092
21.891,-0.07805012167
21.901,-0.06767086685
21.911,-0.06209144369
21.921,-0.07650835067
21.931,-0.08275742829
21.941,-0.06573561579
21.951,-0.06301410496
21.961,-0.08740060031
21.971,-0.08796864748
21.981,-0.05801997334
21.991,-0.06777603179
22.001,-0.109005928
22.011,-0.08813468367
22.021,-0.04027406126
22.031,-0.08591583371
22.041,-0.1419904083
22.051,-0.08914592862
22.061,-0.03477673233
22.071,-0.09062929451
22.081,-0.1487756819
22.091,-0.095553644
22.101,-0.04175332934
22.111,-0.09809437394
22.121,-0.1569383144
22.131,-0.1042667925
22.141,-0.05104842409
22.151,-0.1077169925
22.161,-0.1674754024
22.171,-0.1160580888
22.181,-0.06189907715
22.191,-0.1174398065
22.201,-0.1796329767
22.211,-0.1316484362
22.221,-0.07511628419
22.231,-0.1272918731
22.241,-0.1929198653
22.251,-0.1497203857
22.261,-0.09040996432
22.271,-0.1383443326
22.281,-0.2071820349
22.291,-0.1693434715
22.301,-0.1069488078
22.311,-0.150041163
22.321,-0.2217606157
22.331,-0.1902201325
22.341,-0.1246872321
22.351,-0.1606507152
22.361,-0.235445112
22.371,-0.2121405602
22.381,-0.143515259
22.391,-0.1708133519
22.401,-0.2480820417
22.411,-0.2341185957
22.421,-0.1631664336
22.431,-0.1799080223
22.441,-0.2582677007
22.451,-0.2559931874
22.461,-0.1846781671
22.471,-0.1884872913
22.481,-0.2645143569
22.491,-0.2765057087
22.501,-0.2098365873
22.511,-0.1992198229
22.521,-0.2685490251
22.531,-0.2959232926
22.541,-0.2400002182
22.551,-0.213145569
22.561,-0.2690090239
22.571,-0.3094207942
22.581,-0.269082278
22.591,-0.2279737294
22.601,-0.266315341
22.611,-0.3160165846
22.621,-0.2952141762
22.631,-0.2468249947
22.641,-0.2642222941
22.651,-0.3171314001
22.661,-0.3164306581
22.671,-0.270411402
22.681,-0.2660423517
22.691,-0.3134774864
22.701,-0.3317697644
22.711,-0.294149667
22.721,-0.2730522156
22.731,-0.3090576231
22.741,-0.3405068517
22.751,-0.3156855106
22.761,-0.2841483355
22.771,-0.3060233295
22.781,-0.3446087837
22.791,-0.3340682089
22.801,-0.2978170514
22.811,-0.3060011864
22.821,-0.3496370316
22.831,-0.3491100073
22.841,-0.3066290915
22.851,-0.3072408438
22.861,-0.3555930555
22.871,-0.3619560003
22.881,-0.3143602014
22.891,-0.3078309
22.901,-0.361566931
22.911,-0.3752473295
22.921,-0.3218678534
22.931,-0.3079364002
22.941,-0.3680254221
22.951,-0.3889580071
22.961,-0.3281461
22.971,-0.3067882061
22.981,-0.3745487332
22.991,-0.4025678635
23.001,-0.3349916339
23.011,-0.3054067791
23.021,-0.374679029
23.031,-0.4118017256
23.041,-0.3472242653
23.051,-0.3086570501
23.061,-0.3723564148
23.071,-0.4172025025
23.081,-0.3590653539
23.091,-0.3145089149
23.101,-0.3728643954
23.111,-0.4234777093
23.121,-0.371296972
23.131,-0.3223227859
23.141,-0.3751308322
23.151,-0.4281734824
23.161,-0.3810833395
23.171,-0.3303038478
23.181,-0.3764454424
23.191,-0.4291542768
23.201,-0.389313519
23.211,-0.3395779431
23.221,-0.3759075701
23.231,-0.4253001213
23.241,-0.3952179849
23.251,-0.349617511
23.261,-0.3758743405
23.271,-0.4195482731
23.281,-0.3991427124
23.291,-0.3604309857
23.301,-0.3785697818
23.311,-0.4154329598
23.321,-0.4023060203
23.331,-0.3707410693
23.341,-0.3827329874
23.351,-0.4122833908
23.361,-0.4039806724
23.371,-0.3792032599
23.381,-0.3870984912
23.391,-0.4101220965
23.401,-0.4049841166
23.411,-0.3862182498
23.421,-0.3917886913
23.431,-0.4094204605
23.441,-0.4060464501
23.451,-0.3922258019
23.461,-0.3966228962
23.471,-0.4098686576
23.481,-0.4071962535
23.491,-0.3971601427
23.501,-0.4011095464
23.511,-0.4118289948
23.521,-0.4110239744
23.531,-0.4042624831
23.541,-0.4081937373
23.551,-0.416616112
23.561,-0.4144688249
23.571,-0.4090726674
23.581,-0.4142108858
23.591,-0.4211775661
23.601,-0.4175360799
23.611,-0.4139258265
23.621,-0.4211003184
23.631,-0.4262662232
23.641,-0.4208185375
23.651,-0.4198420644
23.661,-0.4290758967
23.671,-0.4311221242
23.681,-0.4241629541
23.691,-0.42752707
23.701,-0.4378042221
23.711,-0.4346725941
23.721,-0.4281438589
23.731,-0.4378667176
23.741,-0.4460020661
23.751,-0.4362385869
23.761,-0.4349923432
23.771,-0.4514318705
23.781,-0.4511187971
23.791,-0.4368594587
23.801,-0.4485262632
23.811,-0.4658488631
23.821,-0.4495576024
23.831,-0.4420045614
23.841,-0.4714273214
23.851,-0.4726255834
23.861,-0.442383796
23.871,-0.46307078
23.881,-0.4968727231
23.891,-0.4602737427
23.901,-0.4451518655
23.911,-0.5089284182
23.921,-0.4992432296
23.931,-0.435058713
23.941,-0.482316345
23.951,-0.5344232321
23.961,-0.4671544433
23.971,-0.4554930031
23.981,-0.5353645086
23.991,-0.5130755305
24.001,-0.4524381459
24.011,-0.5116718411
24.021,-0.5498537421
24.031,-0.4776597321
24.041,-0.4881151617
24.051,-0.5633141398
24.061,-0.5221893787
24.071,-0.4831060171
24.081,-0.5568262935
24.091,-0.5662190914
24.101,-0.4987536967
24.111,-0.5408176184
24.121,-0.5934886336
24.131,-0.5317624211
24.141,-0.5299320221
24.151,-0.6026870608
24.161,-0.5720730424
24.171,-0.5331995487
24.181,-0.598367691
24.191,-0.6063265204
24.201,-0.5537105203
24.211,-0.5894178152
24.221,-0.6247389913
24.231,-0.5829941034
24.241,-0.5866636634
24.251,-0.6261799932
24.261,-0.6057122946
24.271,-0.5906612873
24.281,-0.6194983125
24.291,-0.6196702719
24.301,-0.6034949422
24.311,-0.6168845296
24.321,-0.6264915466
24.331,-0.6184699535
24.341,-0.6221364737
24.351,-0.6321604252
24.361,-0.6315531731
24.371,-0.6312621236
24.381,-0.6366967559
24.391,-0.6378430724
24.401,-0.6363138556
24.411,-0.6380169392
24.421,-0.6392378807
24.431,-0.6384785175
24.441,-0.6389613748
24.451,-0.6400923729
24.461,-0.6402819753
24.471,-0.6406356096
24.481,-0.6413909793
24.491,-0.641574204
24.501,-0.6413086057
24.511,-0.6408854723
24.521,-0.6399436593
24.531,-0.6384615302
24.541,-0.6366966963
24.551,-0.6346604824
24.561,-0.6323450804
24.571,-0.629893899
24.581,-0.627368331
24.591,-0.624761641
24.601,-0.6220934987
24.611,-0.6193042994
24.621,-0.6162987351
24.631,-0.6129261255
24.641,-0.6081084013
24.651,-0.6029269695
24.661,-0.5985808969
24.671,-0.5936678648
24.681,-0.5882279277
24.691,-0.5830154419
24.701,-0.5776060224
24.711,-0.5718740225
24.721,-0.5662041306
24.731,-0.5603888035
24.741,-0.5545033813
24.751,-0.548402667
24.761,-0.5421343446
24.771,-0.5358449221
24.781,-0.5292602181
24.791,-0.5224199891
24.801,-0.5155034661
24.811,-0.5084617138
24.821,-0.5013104677
24.831,-0.4941458702
24.841,-0.4869537354
24.851,-0.4797063768
24.861,-0.4723760188
24.871,-0.4649163485
24.881,-0.4572679102
24.891,-0.4494077861
24.901,-0.4412250817
24.911,-0.4320635796
24.921,-0.4226218462
24.931,-0.4140146375
24.941,-0.4056257606
24.951,-0.397362262
24.961,-0.3897050321
24.971,-0.3823133111
24.981,-0.3745992482
24.991,-0.3666214645
25.001,-0.3583118021
25.011,-0.3494125605
25.021,-0.3400576115
25.031,-0.3305223882
25.041,-0.3209154606
25.051,-0.3113959134
25.061,-0.3021865785
25.071,-0.2933389843
25.081,-0.2847752869
25.091,-0.2764247954
25.101,-0.2681711316
25.111,-0.2598415911
25.121,-0.2513332069
25.131,-0.2425956279
25.141,-0.2336128056
25.151,-0.224448368
25.161,-0.2152035832
25.171,-0.2059617192
25.181,-0.1967944503
25.191,-0.187757805
25.201,-0.1788626909
25.211,-0.1700816751
25.221,-0.1613793671
25.231,-0.1527171731
25.241,-0.1440535486
25.251,-0.1354641616
25.261,-0.1272419989
25.271,-0.1187611818
25.281,-0.1097654328
25.291,-0.1008976474
25.301,-0.09232914448
25.311,-0.08358737081
25.321,-0.07467692345
25.331,-0.06612928957
25.341,-0.05772740021
25.351,-0.04914310202
25.361,-0.0406358391
25.371,-0.03240404278
25.381,-0.02418342791
25.391,-0.01584378071
25.401,-0.007671800442
25.411,0.0002315539605
25.421,0.008138585836
25.431,0.0160905011
25.441,0.02386161312
25.451,0.03144000098
25.461,0.03903627768
25.471,0.04667123407
25.481,0.05408958346
25.491,0.06131640077
25.501,0.0686295107
25.511,0.07592942566
25.521,0.08293866366
25.531,0.09008748084
25.541,0.09738496691
25.551,0.104302004
25.561,0.1108661965
25.571,0.1176835001
25.581,0.1246745288
25.591,0.1311266571
25.601,0.1371539682
25.611,0.1440702826
25.621,0.1537352949
25.631,0.1610310376
25.641,0.164037928
25.651,0.1708723456
25.661,0.1831532419
25.671,0.1870089024
25.681,0.1831510514
25.691,0.1960696876
25.701,0.2173771411
25.711,0.2036082894
25.721,0.1869822294
25.731,0.2431420535
25.741,0.2690548599
25.751,0.19540824
25.761,0.1749375015
25.771,0.2515616417
25.781,0.291952163
25.791,0.2271173596
25.801,0.1830376685
25.811,0.2417659014
25.821,0.3076837659
25.831,0.2660273015
25.841,0.1977184862
25.851,0.2323832512
25.861,0.3219015002
25.871,0.3133189082
25.881,0.2359265536
25.891,0.2479983866
25.901,0.3395014703
25.911,0.3532397151
25.921,0.2746306062
25.931,0.2551569343
25.941,0.3311270475
25.951,0.3746477664
25.961,0.3141380548
25.971,0.262678653
25.981,0.3141007721
25.991,0.3853988945
26.001,0.3537774384
26.011,0.2783097029
26.021,0.2994656563
26.031,0.3856292069
26.041,0.3880766332
26.051,0.3071747422
26.061,0.2911927104
26.071,0.3671415746
26.081,0.4071887434
26.091,0.345887661
26.101,0.2930759192
26.111,0.3420194387
26.121,0.4127563834
26.131,0.3842945695
26.141,0.3065657318
26.151,0.3173419237
26.161,0.3989182115
26.171,0.4127283692
26.181,0.338427186
26.191,0.305035919
26.201,0.3680518568
26.211,0.4218779206
26.221,0.3766548634
26.231,0.3091434538
26.241,0.3351040781
26.251,0.4104789197
26.261,0.4073924124
26.271,0.3320909739
26.281,0.3121379614
26.291,0.3793053627
26.301,0.4203640819
26.311,0.3669279218
26.321,0.3086462021
26.331,0.3413484395
26.341,0.4091880918
26.351,0.4015147984
26.361,0.3343636394
26.371,0.3179497123
26.381,0.3744956553
26.391,0.4103750885
26.401,0.3697951138
26.411,0.3202714324
26.421,0.3370714486
26.431,0.3874738216
26.441,0.3889777958
26.451,0.3420394063
26.461,0.3208447099
26.471,0.3532446623
26.481,0.3828292489
26.491,0.36331442
26.501,0.3274466395
26.511,0.3289110661
26.521,0.3591912091
26.531,0.367380321
26.541,0.3412576914
26.551,0.3213864267
26.561,0.3354871571
26.571,0.3572881222
26.581,0.3479979932
26.591,0.3214921355
26.601,0.3187949657
26.611,0.3396663368
26.621,0.3453514576
26.631,0.3240887821
26.641,0.3088813424
26.651,0.3209963143
26.661,0.3357678652
26.671,0.3254331052
26.681,0.3050713241
26.691,0.3057263792
26.701,0.3216965497
26.711,0.3223877251
26.721,0.3039334416
26.731,0.2946512997
26.741,0.3063376248
26.751,0.3154025376
26.761,0.3037592471
26.771,0.2885838151
26.781,0.2926636338
26.791,0.3051886261
26.801,0.3014673889
26.811,0.2852469683
26.821,0.2815893888
26.831,0.2933302522
26.841,0.2967463732
26.851,0.283007741
26.861,0.273219198
26.871,0.2813500166
26.881,0.2899347544
26.891,0.2808753252
26.901,0.2674081922
26.911,0.2706498504
26.921,0.2819910944
26.931,0.2783473134
26.941,0.2634417713
26.951,0.2614164948
26.961,0.2732467949
26.971,0.2745210528
26.981,0.260311842
26.991,0.2538024783
27.001,0.2645232379
27.011,0.2706662118
27.021,0.2584441006
27.031,0.247711271
27.041,0.2561201155
27.051,0.2662222087
27.061,0.256891042
27.071,0.2427684516
27.081,0.248099491
27.091,0.2613705397
27.101,0.2555693388
27.111,0.2387304753
27.121,0.2405293584
27.131,0.2563640475
27.141,0.2544512153
27.151,0.2352649271
27.161,0.2327210754
27.171,0.2493056208
27.181,0.250623852
27.191,0.229689762
27.201,0.2239952683
27.211,0.2442379296
27.221,0.2498898804
27.231,0.2253536433
27.241,0.2156329453
27.251,0.2410170436
27.261,0.251328975
27.271,0.2205521762
27.281,0.2059180588
27.291,0.2394458205
27.301,0.255207926
27.311,0.2145911604
27.321,0.1955937892
27.331,0.2425477058
27.341,0.2643156052
27.351,0.2082711607
27.361,0.1815871745
27.371,0.2453050166
27.381,0.2758985162
27.391,0.2093943954
27.401,0.1705896258
27.411,0.2319194227
27.421,0.2768518329
27.431,0.2203661054
27.441,0.1681429446
27.451,0.2181643993
27.461,0.2759106755
27.471,0.2333660722
27.481,0.1706628501
27.491,0.2060195953
27.501,0.2719173729
27.511,0.2439616621
27.521,0.1746425629
27.531,0.1935587823
27.541,0.2626432776
27.551,0.2503369153
27.561,0.1811550856
27.571,0.1827334613
27.581,0.2473169267
27.591,0.2525790036
27.601,0.1917878836
27.611,0.1758899093
27.621,0.2264427394
27.631,0.2469682395
27.641,0.2033890039
27.651,0.1754796356
27.661,0.2061988562
27.671,0.2339579016
27.681,0.210149914
27.691,0.1792321801
27.701,0.1913802028
27.711,0.2180810422
27.721,0.2107042968
27.731,0.1842963696
27.741,0.1836222559
27.751,0.2044138908
27.761,0.2073422968
27.771,0.1883844733
27.781,0.180551976
27.791,0.1937300563
27.801,0.2014243007
27.811,0.1899891049
27.821,0.1796285063
27.831,0.1859757453
27.841,0.1946014166
27.851,0.1892563105
27.861,0.1794163287
27.871,0.1808891445
27.881,0.1883758605
27.891,0.1871654093
27.901,0.1791879088
27.911,0.1776615083
27.921,0.1832408011
27.931,0.184417814
27.941,0.1786198616
27.951,0.175580442
27.961,0.1792137325
27.971,0.1814974397
27.981,0.1776292175
27.991,0.1740539819
28.001,0.1761036962
28.011,0.1787974983
28.021,0.1765225977
28.031,0.1729612947
28.041,0.1737899929
28.051,0.1764080375
28.061,0.1752510071
28.071,0.1720500439
28.081,0.1715220064
28.091,0.1726960689
28.101,0.1719188392
28.111,0.1695803106
28.121,0.1692445725
28.131,0.1708407849
28.141,0.1707639694
28.151,0.1687610298
28.161,0.1684300303
28.171,0.170231089
28.181,0.1704788953
28.191,0.1684920639
28.201,0.1680941731
28.211,0.1701559424
28.221,0.1706385911
28.231,0.1685252935
28.241,0.168151468
28.251,0.1706619561
28.261,0.1713073254
28.271,0.1688462347
28.281,0.1685891002
28.291,0.171821624
28.301,0.1725445837
28.311,0.1695118546
28.321,0.1696192175
28.331,0.1739747077
28.341,0.1745283306
28.351,0.1704734862
28.361,0.1712463051
28.371,0.1771602929
28.381,0.1770839095
28.391,0.1715122908
28.401,0.1736508757
28.411,0.1817436069
28.421,0.180071637
28.431,0.1722972989
28.441,0.1771160066
28.451,0.1880564839
28.461,0.1829570085
28.471,0.1723506302
28.481,0.182292968
28.491,0.1965004951
28.501,0.1846702099
28.511,0.1711405069
28.521,0.1905018985
28.531,0.207363233
28.541,0.1831715107
28.551,0.1684197634
28.561,0.2042359263
28.571,0.2206556052
28.581,0.1751942337
28.591,0.1647846699
28.601,0.2281579822
28.611,0.2365748137
28.621,0.1637526751
28.631,0.1587211192
28.641,0.2353698909
28.651,0.2450275123
28.661,0.1710116416
28.671,0.1623533517
28.681,0.2407486588
28.691,0.2610376775
28.701,0.1919950396
28.711,0.1778927147
28.721,0.2511357963
28.731,0.273460716
28.741,0.2065889984
28.751,0.1877163351
28.761,0.2568086684
28.771,0.2820732892
28.781,0.2185498178
28.791,0.1961498559
28.801,0.2613984644
28.811,0.2898013592
28.821,0.2310973108
28.831,0.2054415196
28.841,0.2654269934
28.851,0.2966759503
28.861,0.2448633313
28.871,0.2175811231
28.881,0.2687927485
28.891,0.3004336059
28.901,0.257004261
28.911,0.2305972129
28.921,0.2725042999
28.931,0.3009418249
28.941,0.267246455
28.951,0.2434249222
28.961,0.2746169567
28.971,0.2996117175
28.981,0.2759446502
28.991,0.2553831935
29.001,0.2771688402
29.011,0.2985829413
29.021,0.2835043371
29.031,0.2670609355
29.041,0.2819913328
29.051,0.299734354
29.061,0.2907716036
29.071,0.2780870199
29.081,0.2879492044
29.091,0.3020730615
29.101,0.2972593904
29.111,0.287910223
29.121,0.2942709029
29.131,0.3051289618
29.141,0.302939564
29.151,0.2963830531
29.161,0.3005342782
29.171,0.3087540567
29.181,0.3081945777
29.191,0.3039245903
29.201,0.3068383932
29.211,0.3130960166
29.221,0.3134519458
29.231,0.3108690977
29.241,0.3130833507
29.251,0.3176522553
29.261,0.3183098733
29.271,0.3169665039
29.281,0.318739146
29.291,0.3220846653
29.301,0.322827965
29.311,0.3222918212
29.321,0.3234362602
29.331,0.3241064548
29.341,0.3234986663
29.351,0.3242128193
29.361,0.3260781765
29.371,0.3267213702
29.381,0.3266183436
29.391,0.3276487887
29.401,0.3291569054
29.411,0.329585433
29.421,0.3296877742
29.431,0.3307622075
29.441,0.3317340612
29.451,0.3314907551
29.461,0.331309706
29.471,0.3325239122
29.481,0.3337368667
29.491,0.3337445557
29.501,0.3337714076
29.511,0.3347238302
29.521,0.3354061842
29.531,0.3350839615
29.541,0.3348850906
29.551,0.3353828192
29.561,0.3355297446
29.571,0.33493191
29.581,0.3345991671
29.591,0.3347952366
29.601,0.3345730007
29.611,0.3337667584
29.621,0.3332012892
29.631,0.3328828216
29.641,0.3319965303
29.651,0.3306227624
29.661,0.3295106888
29.671,0.328476876
29.681,0.3268471062
29.691,0.3249144256
29.701,0.3233524263
29.711,0.32174474
29.721,0.3193927407
29.731,0.3167773783
29.741,0.3144568205
29.751,0.3118470311
29.761,0.308493793
29.771,0.3050578833
29.781,0.3018971086
29.791,0.2982656956
29.801,0.2939991951
29.811,0.2899642587
29.821,0.2861314118
29.831,0.2815961242
29.841,0.2765371203
29.851,0.2718355358
29.861,0.2671408653
29.871,0.2616144717
29.881,0.2558210492
29.891,0.2505235374
29.901,0.2449701279
29.911,0.2385055274
29.921,0.2320577949
29.931,0.2262034267
29.941,0.2198253572
29.951,0.212461412
29.961,0.205435738
29.971,0.1990037262
29.981,0.1916812062
29.991,0.1835117936
30.001,0.1761633009
30.011,0
30.012,0
30.012,0
30.012,0
30.012,0
30.012,0
30.012,0
30.012,0
30.012,0
30.012,0
30.012,0
30.012,0
30.012,0
30.012,0
30.012,0
30.012,0
30.012,0
30.012,0
30.012,0
30.012,0
30.012,0
30.012,0
30.012,0
30.012,0
30.012,0
30.012,0
30.012,0
30.012,0
30.012,0
30.012,0
30.012,0
30.012,0
30.012,0
30.012,0
30.012,0
30.012,0
30.012,0
30.012,0
30.012,0
30.012,0
30.012,0
30.012,0
30.012,0
30.012,0
30.012,0
30.012,0
30.012,0
30.012,0
30.012,0
30.012,0
30.012,0
30.012,0
30.012,0
30.012,0
30.012,0
30.012,0
30.012,0
30.012,0
30.012,0
30.012,0
30.012,0
30.012,0
30.012,0
30.012,0
30.012,0
30.012,0
30.012,0
30.012,0
30.012,0
30.012,0
30.012,0
30.012,0
30.012,0
30.012,0
30.012,0
30.012,0
30.012,0
30.012,0
30.012,0
30.012,0
30.012,0
30.012,0
30.012,0
30.012,0
30.012,0
30.012,0
30.012,0
30.012,0
30.012,0
30.012,0
30.012,0
30.012,0
30.012,0
30.012,0
30.012,0
30.012,0
30.012,0
30.012,0
30.012,0
30.012,0
30.012,0
30.012,0
30.012,0
30.012,0
30.012,0
30.012,0
30.012,0
30.012,0
30.012,0
30.012,0
30.012,0
30.012,0
30.012,0
30.012,0
30.012,0
30.012,0
30.012,0
30.012,0
30.012,0
30.012,0
30.012,0
30.012,0
30.012,0
30.012,0
30.012,0
30.012,0
30.012,0
30.012,0
30.012,0
30.012,0
30.012,0
30.012,0
30.012,0
30.012,0
30.012,0
30.012,0
30.012,0
30.012,0
30.012,0
30.012,0
30.012,0
30.012,0
30.012,0
30.012,0
30.012,0
30.012,0
30.012,0
30.012,0
30.012,0
30.012,0
30.012,0
30.012,0
30.012,0
30.012,0
30.012,0
30.012,0
30.012,0
30.012,0
30.012,0
30.012,0
30.012,0
30.012,0
30.012,0
30.012,0
30.012,0
30.012,0
30.012,0
30.012,0
30.012,0
30.012,0
30.012,0
30.012,0
30.012,0
30.012,0
30.012,0
30.012,0
30.012,0
30.012,0
30.012,0
30.012,0
30.012,0
30.012,0
30.012,0
30.012,0
30.012,0
30.012,0
30.012,0
30.012,0
30.012,0
30.012,0
30.012,0
30.012,0
30.012,0
30.012,0
30.012,0
30.012,0
30.012,0
30.012,0
30.012,0
30.012,0
30.012,0
30.012,0
30.012,0
30.012,0
30.012,0
30.012,0
30.012,0
30.012,0
30.012,0
30.012,0
30.012,0
30.012,0
30.012,0
30.012,0
30.012,0
30.012,0
30.012,0
30.012,0
30.012,0
30.012,0
30.012,0
30.012,0
30.012,0
30.012,0
30.012,0
30.012,0
30.012,0
30.012,0
30.012,0
30.012,0
30.012,0
30.012,0
30.012,0
30.012,0
30.012,0
30.012,0
30.012,0
30.012,0
30.012,0
30.012,0
30.012,0
30.012,0
30.012,0
30.012,0
30.012,0
30.012,0
30.012,0
30.012,0
30.012,0
30.012,0
30.012,0
30.012,0
30.012,0
30.012,0
30.012,0
30.012,0
30.012,0
30.012,0
30.012,0
30.012,0
30.012,0
30.012,0
30.012,0
30.012,0
30.012,0
30.012,0
30.012,0
30.012,0
30.012,0
30.012,0
30.012,0
30.012,0
30.012,0
30.012,0
30.012,0
30.012,0
30.012,0
30.012,0
30.012,0
30.012,0
30.012,0
30.012,0
30.012,0
30.012,0
30.012,0
30.012,0
30.012,0
30.012,0
30.012,0
30.012,0
30.012,0
30.012,0
30.012,0
30.012,0
30.012,0
30.012,0
30.012,0
30.012,0
30.012,0
30.012,0
30.012,0
30.012,0
30.012,0
30.012,0
30.012,0
30.012,0
30.012,0
30.012,0
30.012,0
30.012,0
30.012,0
30.012,0
30.012,0
30.012,0
30.012,0
30.012,0
30.012,0
30.012,0
30.012,0
30.012,0
30.012,0
30.012,0
30.012,0
30.012,0
30.012,0
30.012,0
30.012,0
30.012,0
30.012,0
30.012,0
30.012,0
30.012,0
30.012,0
30.012,0
30.012,0
30.012,0
30.012,0
30.012,0
30.012,0
30.012,0
30.012,0
30.012,0
30.012,0
30.012,0
30.012,0
30.012,0
30.012,0
30.012,0
30.012,0
30.012,0
30.012,0
30.012,0
30.012,0
30.012,0
30.012,0
30.012,0
30.012,0
30.012,0
30.012,0
30.012,0
30.012,0
30.012,0
30.012,0
30.012,0
30.012,0
30.012,0
30.012,0
30.012,0
30.012,0
30.012,0
30.012,0
30.012,0
30.012,0
30.012,0
30.012,0
30.012,0
30.012,0
30.012,0
30.012,0
30.012,0
30.012,0
30.012,0
30.012,0
30.012,0
30.012,0
30.012,0
30.012,0
30.012,0
30.012,0
30.012,0
30.012,0
30.012,0
30.012,0
30.012,0
30.012,0
30.012,0
30.012,0
30.012,0
30.012,0
30.012,0
30.012,0
30.012,0
30.012,0
30.012,0
30.012,0
30.012,0
30.012,0
30.012,0
30.012,0
30.012,0
30.012,0
30.012,0
30.012,0
30.012,0
30.012,0
30.012,0
30.012,0
30.012,0
30.012,0
30.012,0
30.012,0
30.012,0
30.012,0
30.012,0
30.012,0
30.012,0
30.012,0
30.012,0
30.012,0
30.012,0
30.012,0
30.012,0
30.012,0
30.012,0
30.012,0
30.012,0
30.012,0
30.012,0
30.012,0
30.012,0
30.012,0
30.012,0
30.012,0
30.012,0
30.012,0
30.012,0
30.012,0
30.012,0
30.012,0
30.012,0
30.012,0
30.012,0
30.012,0
30.012,0
30.012,0
30.012,0
30.012,0
30.012,0
30.012,0
30.012,0
30.012,0
30.012,0
30.012,0
30.012,0
30.012,0
30.012,0
30.012,0
30.012,0
30.012,0
30.012,0
30.012,0
30.012,0
30.012,0
30.012,0
30.012,0
30.012,0
30.012,0
30.012,0
30.012,0
30.012,0
30.012,0
30.012,0
30.012,0
30.012,0
30.012,0
30.012,0
30.012,0
30.012,0
30.012,0
30.012,0
30.012,0
30.012,0
30.012,0
30.012,0
30.012,0
30.012,0
30.012,0
30.012,0
30.012,0
30.012,0
30.012,0
30.012,0
30.012,0
30.012,0
30.012,0
30.012,0
30.012,0
30.012,0
30.012,0
30.012,0
30.012,0
30.012,0
30.012,0
30.012,0
30.012,0
30.012,0
30.012,0
30.012,0
30.012,0
30.012,0
30.012,0
30.012,0
30.012,0
30.012,0
30.012,0
30.012,0
30.012,0
30.012,0
30.012,0
30.012,0
30.012,0
30.012,0
30.012,0
30.012,0
30.012,0
30.012,0
30.012,0
30.012,0
30.012,0
30.012,0
30.012,0
30.012,0
30.012,0
30.012,0
30.012,0
30.012,0
30.012,0
30.012,0
30.012,0
30.012,0
30.012,0
30.012,0
30.012,0
30.012,0
30.012,0
30.012,0
30.012,0
30.012,0
30.012,0
30.012,0
30.012,0
30.012,0
30.012,0
30.012,0
30.012,0
30.012,0
30.012,0
30.012,0
30.012,0
30.012,0
30.012,0
30.012,0
30.012,0
30.012,0
30.012,0
30.012,0
30.012,0
30.012,0
30.012,0
30.012,0
30.012,0
30.012,0
30.012,0
30.012,0
30.012,0
30.012,0
30.012,0
30.012,0
30.012,0
30.012,0
30.012,0
30.012,0
30.012,0
30.012,0
30.012,0
30.012,0
30.012,0
30.012,0
30.012,0
30.012,0
30.012,0
30.012,0
30.012,0
30.012,0
30.012,0
30.012,0
30.012,0
30.012,0
30.012,0
30.012,0
30.012,0
30.012,0
30.012,0
30.012,0
30.012,0
30.012,0
30.012,0
30.012,0
30.012,0
30.012,0
30.012,0
30.012,0
30.012,0
30.012,0
30.012,0
30.012,0
30.012,0
30.012,0
30.012,0
30.012,0
30.012,0
30.012,0
30.012,0
30.012,0
30.012,0
30.012,0
30.012,0
30.012,0
30.012,0
30.012,0
30.012,0
30.012,0
30.012,0
30.012,0
30.012,0
30.012,0
30.012,0
30.012,0
30.012,0
30.012,0
30.012,0
30.012,0
30.012,0
30.012,0
30.012,0
30.012,0
30.012,0
30.012,0
30.012,0
30.012,0
30.012,0
30.012,0
30.012,0
30.012,0
30.012,0
30.012,0
30.012,0
30.012,0
30.012,0
30.012,0
30.012,0
30.012,0
30.012,0
30.012,0
30.012,0
30.012,0
30.012,0
30.012,0
30.012,0
30.012,0
30.012,0
30.012,0
30.012,0
30.012,0
30.012,0
30.012,0
30.012,0
30.012,0
30.012,0
30.012,0
30.012,0
30.012,0
30.012,0
30.012,0
30.012,0
30.012,0
30.012,0
30.012,0
30.012,0
30.012,0
30.012,0
30.012,0
30.012,0
30.012,0
30.012,0
30.012,0
30.012,0
30.012,0
30.012,0
30.012,0
30.012,0
30.012,0
30.012,0
30.012,0
30.012,0
30.012,0
30.012,0
30.012,0
30.012,0
30.012,0
30.012,0
30.012,0
30.012,0
30.012,0
30.012,0
30.012,0
30.012,0
30.012,0
30.012,0
30.012,0
30.012,0
30.012,0
